id;gtin;title;patch;price
BC-DP-005-P01;6940542754242;Baby’s Best Premium Diapers – Junior;LOT-2024-1409;22.75
BC-DP-004-P01;6940542754235;Baby’s Best Premium Diapers – Maxi;B39256;5.9
BC-DP-003-P01;6940542754228;Baby’s Best Premium Diapers – Midi;LOT-2024-9935;4.42
BC-DP-002-P01;6940542754211;Baby’s Best Premium Diapers – Mini;202401-4;4.61
BC-DP-001-P01;6940542754204;Baby’s Best Premium Diapers – Newborn;B76237;18.85
KE-SP-001-P01;5056000506603;Kendamil Pro-Comfort Baby Drops;B95181;21.63
KE-FO-015-P01;5056000506603;Kendamil Classic Stage 4 – Premium Toddler Milk Formula;202404-58;18.49
KE-FO-014-P01;5056000506580;Kendamil Classic Stage 3 – Premium Toddler Milk Formula;LOT-2024-3615;21.54
KE-FO-013-P01;5056000506566;Kendamil Classic Stage 2 – Premium Follow On Milk Formula;CHG-C259;8.02
KE-FO-012-P01;5056000506542;Kendamil Classic Stage 1 – Premium First Infant Milk Formula;CHG-A194;12.63
KE-RE-002-P06;5056000506504;6x Kendamil Classic Stage 2 - Ready to Feed 250 ml;CHG-C718;9.4
KE-RE-001-P06;5056000506498;6x Kendamil Classic Stage 1 - Ready to Feed 250 ml;LOT-2024-8527;17.0
KE-FO-011-P01;5056000505422;Kendamil Comfort – Colic Support Formula;202402-71;10.2
HI-BC-023-P01;4062300445543;HiPP Baby Care - Ultra Sensitive Baby Wipes;CHG-E296;21.72
HI-PA-022-P06;4062300325227;6x HiPP Snackie Mango in Banana, Orange, Pear with Rice;LOT-2024-4733;23.64
HI-JU-011-P01;4062300236424;HiPP Organic Juice Mild Apple with Still Water;LOT-2024-4814;26.25
HI-PA-021-P04;4062300303430;HiPP Hippis Organic Fruit Plus – Mixed 4-Pack;202405-59;19.79
HI-PA-020-P04;4062300303430;HiPP Hippis Favorite Organic Fruits – Mixed 4-Pack;CHG-B479;11.94
HI-PA-019-P06;4062300278530;6x HiPP Organic Pouch Apple-Pear-Banana;CHG-F799;20.13
HI-SN-021-P01;4062300384668;HiPP Organic Mini-Mix – Fruit & Cereal Bars;B80010;22.41
HI-SN-020-P01;4062300362284;HiPP Organic Unicorn Bar Currant-Apple;B70589;12.61
HI-SN-019-P01;4062300362277;HiPP Organic Dragon Bar Guava Aronia;B99733;11.07
HI-FO-023-P01;4062300456440;HiPP German Comfort – Colic Support Formula (EU);LOT-2024-4752;25.0
KE-FO-010-P01;5056000506009;Kendamil Classic Stage 4 – Premium Toddler Milk Formula;CHG-D374;3.84
HI-KT-015-P01;4062300241619;HiPP Children's Plate Pasta Zoo in Cream Sauce;CHG-B771;15.97
HI-KT-014-P01;4062300275119;HiPP Organic Kids Pasta - Cannelloni with vegetables;202403-34;5.9
HI-KT-009-P01;4062300276437;HiPP Organic Kids Pasta - Lasagne Bolognese;CHG-F698;13.99
HI-KT-002-P01;4062300431959;HiPP Children’s Plate Egg Noodles with Organic Beef;202406-29;29.92
HI-KT-003-P01;4062300377455;HiPP  Children’s Plate Paella with Organic Chicken;B76784;15.81
HI-KT-006-P01;4062300255203;HiPP Children’s Plate Noodles with Wild Salmon;LOT-2024-2796;6.27
HI-KT-004-P01;4062300166738;HiPP Children's Plate Veggie Rice with Tender Meat;B99192;13.81
HI-KT-010-P01;4062300255142;HiPP Children's Plate with Fine Wild Salmon;LOT-2024-7304;12.68
HI-KT-007-P01;4062300255234;HiPP Children’s Plate Ravioli in Tomato-Veggie Sauce;202409-33;29.18
HI-KT-011-P01;4062300255234;HiPP Children’s Plate Noodle ABC with Bolognese;LOT-2024-2876;21.08
HI-KT-008-P01;4062300167032;HiPP Children’s Plate Shell Pasta with Veggies;CHG-F448;5.11
HI-KT-012-P01;4062300255326;HiPP Children’s Plate Star Noodles;202403-59;2.08
HI-KT-005-P01;4062300255357;HiPP Children’s Plate Mini Rigatoni;CHG-E880;6.99
HI-KT-001-P01;4062300255050;HiPP Children’s Plate Spaghetti Bolognese;LOT-2024-5889;25.56
HI-KT-013-P01;4062300265608;HiPP Children’s Plate Organic Turkey;B30032;12.46
HI-GL-070-P06;4062300455153;6x HiPP Forest Fruits in Apple;B80697;28.69
HI-BC-022-P01;4062300267619;HiPP Baby Care - Face & Hands Wipes Ultra Sensitive;LOT-2024-6310;15.67
HI-BC-021-P01;4062300267619;HiPP Baby Care - Moist Toilet Tissues Ultra Sensitive;LOT-2024-6947;26.59
HI-FO-022-P01;4062300355446;HiPP German Goat Milk Stage 1 – Organic Infant Formula;CHG-B159;8.73
HI-FO-021-P01;4062300355446;HiPP 3 HA-Combiotic – Hypoallergenic Toddler Formula;LOT-2024-2403;22.48
HI-DI-006-P01;4062300432567;HiPP Baby Care - Extra Soft Diapers Size 6 XL (13+ kg);LOT-2024-9727;23.43
HI-DI-005-P01;4062300432543;HiPP Baby Care - Extra Soft Diapers Size 5 Junior (11-16 kg);B96474;15.3
HI-DI-004-P01;4062300432529;HiPP Baby Care - Extra Soft Diapers Size 4 Maxi (9-14 kg);B44741;16.76
HI-DI-003-P01;4062300432505;HiPP Baby Care - Extra Soft Diapers Size 3 Midi (6-10 kg);202404-70;23.14
HI-DI-002-P01;4062300432499;HiPP Baby Care - Extra Soft Diapers Size 2 Mini (4-8 kg);B50857;13.16
HI-DI-001-P01;4062300432482;HiPP Baby Care - Extra Soft Diapers Size 1 Newborn (2-5 kg);CHG-D629;14.63
HI-CE-008-P01;4062300261433;HiPP Organic Milk-Cereal-Meal Good-Night;B39451;3.78
HI-TE-004-P01;4062300277601;HiPP Organic Wellbeing Tea (15 bags);LOT-2024-4770;18.47
HI-TE-003-P01;4062300251830;HiPP Organic Fruit Tea (20 bags);LOT-2024-2163;21.81
HI-TE-002-P01;4062300369269;HiPP Organic Chamomile Tea (20 bags);LOT-2024-4750;3.88
HI-TE-001-P01;4062300282773;HiPP Organic Fennel Tea (20 bags);LOT-2024-6413;3.97
HI-SN-018-P01;4062300399570;HiPP Organic Snack Millet Sticks;B46500;20.72
HI-SN-016-P01;4062300362260;HiPP Organic Mini-Mix – Muesli Fruit Bars;B80678;5.69
HI-SN-015-P01;4062300419520;HiPP Organic Oat Bar Peach;202404-61;24.6
HI-SN-014-P01;4062300419490;HiPP Organic Oat Bar Strawberry & Raspberry;B22363;4.7
HI-SN-013-P01;4062300362239;HiPP Organic Muesli Bar Butter Biscuit in Apple-Vanilla;202406-55;13.5
HI-SN-012-P01;4062300362246;HiPP Organic Muesli bar Oat-Crunchy Apple-Peach;LOT-2024-2612;3.69
HI-SN-011-P01;4062300362215;HiPP Organic Fruit Bar Yoghurt Cherry in Banana;CHG-A354;7.35
HI-SN-010-P01;4062300362208;HiPP Organic Fruit Bar Raspberry in Banana-Apple;202403-55;7.13
HI-SN-009-P01;4062300381100;HiPP Organic Fruit Bar Apple-Banana-Oat;202404-10;14.4
HI-SN-008-P01;4062300394834;HiPP Organic Snack Spelt & Oat Rings;LOT-2024-1828;20.25
HI-SN-007-P01;4062300376205;HiPP Organic Snack Blueberry Rice Cakes;LOT-2024-2528;27.93
HI-SN-006-P01;4062300376199;HiPP Organic Snack Apple Rice Cakes;B31798;13.37
HI-SN-005-P01;4062300376182;HiPP Organic Snack Raspberry Rice Cakes;202404-52;27.26
HI-SN-004-P01;4062300399549;HiPP Organic Snack Favourite Stars;B59672;2.05
HI-SN-003-P01;4062300399488;HiPP Organic Snack Crunchy Rings;202405-59;9.98
HI-SN-002-P01;4062300399518;HiPP Organic Snack Nibble Stars;202403-25;10.3
HI-SN-001-P01;4062300429710;HiPP Organic Snack Primal Grain Dinos;LOT-2024-9883;3.7
HO-TE-004-P01;7640161877627;Holle Organic-Tea Rosy Reindeer (20 bags);CHG-A151;18.35
HO-TE-003-P01;7640161877603;Holle Organic-Tea Fruity Flamingo (20 bags);B17455;28.89
LE-PO-002-P01;7640104951544;Lebenswert Bio Semolina Wholegrain Porridge;LOT-2024-4044;3.91
LE-PO-001-P01;7640104951568;Lebenswert Bio Oat Wholegrain Porridge;LOT-2024-4853;13.3
HO-SN-015-P01;7640161877153;Holle Organic Fruity Rings with dates;B85880;18.64
HO-SN-014-P01;7640161877139;Holle Organic Happy Sticks Carrot-Fennel;LOT-2024-7868;20.4
HO-SN-013-P01;7640161877115;Holle Organic Happy Sticks Pumpkin-Rosemary;CHG-C309;20.74
HO-SN-012-P01;7640161879393;Holle Organic Crunchy Snack Apple-Cinnamon;CHG-B371;13.07
HO-PO-019-P01;7640230491624;Holle Organic Wholegrain Porridge - My Very First Cereal;CHG-D423;28.0
HI-RE-008-P24;4062300467279;24x HiPP 1 HA-Combiotic Ready to Feed 90ml (EU-Version);LOT-2024-1152;14.82
HI-RE-007-P24;4062300467361;24x HiPP 1 Organic Combiotic Ready to Feed 90ml (EU-Version);LOT-2024-2200;17.04
HI-BC-014-P01;4062300419452;HiPP Baby Care -  Wound protection cream;CHG-B457;26.65
HI-BC-013-P01;4062300419414;HiPP Baby Care -  Baby care cream;B58434;9.97
HI-BC-012-P01;4062300419421;HiPP Baby Care - Baby Milk Lotion;202409-91;10.46
HI-BC-011-P01;4062300419438;HiPP Baby Care - Intensive Care Balm;LOT-2024-5905;28.08
HI-BC-010-P01;4062300419445;HiPP Baby Care - Care Oil;LOT-2024-3200;9.4
HI-BC-009-P01;4062300418479;HiPP Baby Care - 2in1 Shampoo & Shower;LOT-2024-3546;9.62
HI-BC-008-P01;4062300418424;HiPP Baby Care - Baby Wash Foam;B54942;7.69
HI-BC-007-P01;4062300419391;HiPP Baby Care - Skin & Hair Wash Gel;CHG-E600;9.02
HI-BC-006-P01;4062300419384;HiPP Baby Care - Shampoo & Conditioner;LOT-2024-2512;19.75
HI-BC-005-P01;4062300419377;HiPP Baby Care - Baby Shampoo;CHG-A103;11.33
HI-BC-004-P01;4062300419360;HiPP Baby Care - Foam Bath;B93507;29.42
HI-BC-003-P01;4062300419353;HiPP Baby Care - Sleep Well Bath;B67912;17.44
HI-BC-002-P01;4062300419346;HiPP Baby Care - Family bath;202409-2;5.12
HI-BC-001-P01;4062300419339;HiPP Baby Care - Baby Bath;B81511;3.0
NC-FO-003-P01;5022817000245;Nannycare Goat Milk Stage 3 – Toddler Formula;CHG-E665;6.14
NC-FO-002-P01;5022817109924;Nannycare Goat Milk Stage 2 – Follow-on Formula;B15482;10.62
NC-FO-001-P01;5022817000221;Nannycare Goat Milk Stage 1 – First Infant Formula;LOT-2024-6862;7.87
HI-FO-020-P01;4062300355446;HiPP Kindermilch Organic – Toddler Formula;B97416;4.87
HI-FO-019-P01;4062300355439;HiPP 3 Organic – Follow-On Formula;202410-96;6.32
HI-FO-018-P01;4062300355422;HiPP 2 Organic – Follow-On Formula;B31299;29.32
HI-FO-017-P01;4062300414327;HiPP 1 Organic – Infant Formula;B64040;2.68
HI-FO-016-P01;4062300414310;HiPP PRE Organic – Infant Formula;CHG-D921;20.75
HI-WA-001-P01;4062300428720;HiPP Baby Mineral Water Still;B44970;6.45
HI-JU-010-P01;4062300395602;HiPP Organic Juice & Mineral Water Mild Pear;LOT-2024-7267;26.41
HI-JU-009-P01;4062300395572;HiPP Organic Juice & Mineral Water Mild Apple;202404-26;24.85
HI-JU-008-P01;4062300395541;HiPP Organic Juice & Mineral Water Mild Apple Fennel;202406-40;24.97
HI-JU-007-P01;4062300393639;HiPP Organic Fruit Juice Red Grape in Apple with Iron;B39219;2.65
HI-JU-006-P01;4062300392915;HiPP Organic Fruit Juice Multifruit + Vitamin C;B62227;11.18
HI-JU-005-P01;4062300345317;HiPP 100% Organic Direct Juice Mild Apple;LOT-2024-5573;11.82
HI-JU-004-P01;4062300345287;HiPP 100% Organic Direct Juice Carrot;202411-69;11.26
HI-JU-003-P01;4062300350205;HiPP 100% Organic Direct Juice Multifruit with Carrot;LOT-2024-2889;26.55
HI-JU-002-P01;4062300034747;HiPP 100% Organic Juice Banana in Apple;CHG-B694;28.94
HI-JU-001-P01;4062300034778;HiPP 100% Organic Juice Mild Apple;CHG-A211;18.69
HI-PA-018-P06;4062300325203;6x HiPP Snackie Pear-Banana-Grape with Oats;CHG-F905;10.77
HI-PA-017-P06;4062300325142;6x HiPP Smoothie Blueberry in Apple Pear;LOT-2024-7311;27.18
HI-PA-016-P06;4062300325067;6x HiPP Smoothie Strawberry in Apple Banana;B43386;3.23
HI-PA-015-P06;4062300262638;6x HiPP Hippis Wild Berries in Apple-Peach;202401-67;27.91
HI-PA-014-P06;4062300262638;6x HiPP Hippis Peach in Apple-Mango;B57739;14.07
HI-PA-013-P06;4062300432130;6x HiPP Hippis Peach Banana Mango with Yogurt;CHG-E421;20.56
HI-PA-012-P06;4062300278721;6x HiPP Hippis Mango-Passion Fruit in Pear-Apple;LOT-2024-5920;16.19
HI-PA-011-P06;4062300278714;6x HiPP Hippis Kiwi in Pear-Banana;202406-52;21.51
HI-PA-010-P06;4062300319899;6x HiPP Hippis Pomegranate Acerola in Apple Raspberry;B35144;13.76
HI-PA-009-P06;4062300278745;6x HiPP Hippis Apple Banana Raspberry with Spelt;202411-96;27.27
HI-PA-008-P06;4062300416390;6x HiPP Hippis Apple Banana Mango with Coconut Milk;CHG-D661;25.33
HI-PA-007-P06;4062300342828;6x HiPP Hippis Mirabelle Plum in Apple-Peach;CHG-C315;14.03
HI-PA-006-P06;4062300364714;6x HiPP Hippis Mango Pineapple in Apple Peach + Zinc;CHG-D552;14.37
HI-PA-005-P06;4062300364684;6x HiPP Hippis Red Fruits in Apple Pear + Iron;B77000;15.24
HI-PA-004-P06;4062300319837;6x HiPP Hippis Peach-Banana in Apple with Cookies;B96356;4.36
HI-PA-003-P06;4062300342859;6x HiPP Hippis Dragon Fruit Currant in Apple-Pear;CHG-A938;28.65
HI-PA-002-P06;4062300319776;6x HiPP Hippis Apple Mango Sweet Potato Carrot;B98184;10.68
HI-PA-001-P06;4062300278684;6x HiPP Hippis Strawberry-Banana in Apple;B29313;2.67
HI-GL-069-P06;4062300405462;6x HiPP Rice Pudding with Mango;B72277;19.11
HI-GL-068-P06;4062300348462;6x HiPP Rice Pudding with Apple;LOT-2024-8461;13.59
HI-GL-067-P06;4062300384583;6x HiPP Einkorn Porridge;B60328;15.83
HI-GL-066-P06;4062300321373;6x HiPP 3-Grain Flakes;B29342;20.36
HI-GL-065-P06;4062300321342;6x HiPP Spelt Semolina Porridge;LOT-2024-2746;23.79
HI-GL-064-P06;4062300265820;6x HiPP 7-Grain Porridge;B33053;24.51
HI-GL-063-P06;4062300265301;6x HiPP Rice Pudding Pure;202401-72;8.97
HI-GL-062-P06;4062300123212;6x HiPP Oat Porridge Pure;LOT-2024-8478;5.72
HI-GL-061-P06;4062300123182;6x HiPP Semolina Porridge Pure;202411-68;29.65
HI-GL-060-P06;4062300409071;6x HiPP Mango-Banana Porridge;CHG-D727;24.81
HI-GL-059-P06;4062300384590;6x HiPP Banana Blueberry Porridge;202409-58;27.11
HO-SN-011-P01;7640104959519;Holle Organic Baby Snack Rusk Spelt;202408-34;23.04
HI-GL-058-P06;4062300257627;6x HiPP White Carrot with Potatoes & Parsnips;CHG-E596;19.54
HI-GL-057-P06;4062300350410;6x HiPP Spinach Vegetables in Potatoes;CHG-D179;21.97
HI-GL-056-P06;4062300398702;6x HiPP Carrots with red Lentils;B45614;11.39
HI-GL-055-P06;4062300398719;6x HiPP Carrots with Peas;LOT-2024-3267;6.21
HI-GL-054-P06;4062300271258;6x HiPP Pure Parsnips;202412-20;21.77
HI-GL-053-P06;4062300381988;6x HiPP Pure Butternut Pumpkin;LOT-2024-7797;13.4
HI-GL-052-P06;4062300337732;6x HiPP Peach-Mango in Apple with Greek-Style Yogurt;202407-8;7.78
HI-GL-051-P06;4062300262690;6x HiPP Fruits-Yogurt-Muesli;202407-99;18.34
HI-GL-050-P06;4062300262669;6x HiPP Strawberry in Apple Yogurt Muesli;LOT-2024-7232;15.35
HI-GL-049-P06;4062300379510;6x HiPP Peach-Apricot with Quark Cream;CHG-C871;12.91
HI-GL-048-P06;4062300379480;6x HiPP Yoghurt on Fruit;202409-96;22.56
HI-GL-047-P06;4062300379664;6x HiPP Blueberry in Apple-Yogurt-Muesli;B73993;8.13
HI-GL-046-P06;4062300440944;6x HiPP Mango-Banana in Apple with Carrot;202408-4;12.88
HI-GL-045-P06;4062300323933;6x HiPP Mango-Passion Fruit in Pear-Apple;202412-22;25.52
HI-GL-044-P06;4062300367722;6x HiPP Raspberry in Apple-Banana Muesli;B91560;16.95
HI-GL-043-P06;4062300410794;6x HiPP Exotic Fruits with Couscous;202410-73;20.55
HI-GL-042-P06;4062300406506;6x HiPP Apple-Peach with 7-Korn;LOT-2024-8022;5.79
HI-GL-041-P06;4062300379398;6x HiPP Apples with Bananas;202403-7;9.27
HI-GL-040-P06;4062300441002;6x HiPP Mirabelle in Apple-Peach with Pumpkin;CHG-B565;11.14
HI-GL-039-P06;4062300270008;6x HiPP Nectarine in Apple-Mango;202405-97;28.62
HI-GL-038-P06;4062300297135;6x HiPP Williams-Christ Pear;202405-11;15.16
HI-GL-037-P06;4062300290204;6x HIPP Apricot in Apple;LOT-2024-6733;8.27
HI-GL-036-P06;4062300293885;6x HiPP Wild Berries in Apple;LOT-2024-1659;23.11
HI-GL-035-P06;4062300270008;6x HIPP Fine Bircher muesli;B36130;25.49
HI-GL-034-P06;4062300269958;6x HiPP Pear-Banana with Rusk;B41266;5.52
HI-GL-033-P06;4062300406537;6x HiPP Apple-Banana-Muesli;LOT-2024-4571;15.01
HI-GL-032-P06;4062300297128;6x HiPP Organic Apple;CHG-C271;18.95
HI-GL-031-P06;4062300406520;6x HiPP Fine Fruits with Wholemeal Cereal;LOT-2024-3683;29.0
HI-GL-030-P06;4062300406513;6x HiPP Mango-Banana Semolina;LOT-2024-1420;28.0
HI-GL-029-P06;4062300297173;6x HiPP Banana & Peach in Apple;202407-92;7.54
HI-GL-028-P06;4062300297159;6x HiPP Peach in Apple;B23356;21.51
HI-GL-027-P06;4062300293786;6x HiPP Mango-Banana in Apple;CHG-F714;24.54
HI-GL-026-P06;4062300290099;6x HiPP Williams-Christ Pears with Apple;LOT-2024-6688;16.91
HI-GL-025-P06;4062300269965;6x HiPP Pear-Apple with Spelt;CHG-A618;20.12
HI-GL-024-P06;4062300269927;6x HiPP Apple-Banana with Baby Biscuit;LOT-2024-7882;25.02
HI-GL-023-P06;4062300336599;6x HiPP Organic Veal Preparation with Vegetables;LOT-2024-8102;28.89
HI-GL-022-P06;4062300266391;6x HiPP Organic Chicken Preparation;202412-20;14.18
HI-GL-021-P06;4062300266384;6x HiPP Beef Preparation;CHG-E927;27.74
HI-GL-020-P06;4062300379077;6x HiPP Vegetable Risotto;202408-56;25.11
HI-GL-019-P06;4062300266261;6x HiPP Spaghetti Bolognese;CHG-C972;8.86
HI-GL-018-P06;4062300266254;6x HiPP Corn with mashed Potatoes & Organic Turkey;LOT-2024-5569;26.68
HI-GL-017-P06;4062300261570;6x HiPP Mini Pasta with Alaska Pollack Fillet & Buttered Vegetables;B70910;17.95
HI-GL-016-P06;4062300261549;6x HiPP Pumpkin with Potatoes & Organic Beef;202406-4;15.83
HI-GL-015-P06;4062300260801;6x HiPP Carrots with Corn & Organic Veal;CHG-B599;7.93
HI-GL-014-P06;4062300258662;6x HiPP Kaiserschmarrn in Apple Sauce;CHG-C386;26.64
HI-GL-013-P06;4062300208209;6x HiPP Wild Salmon Preparation with Organic Vegetables;CHG-E110;16.46
HI-GL-012-P06;4062300257665;6x HiPP Mediterranean Vegetables with Aubergines;B21221;8.75
HI-GL-011-P06;4062300257696;6x HiPP Buttered Vegetables with Sweet Potatoes;202408-72;23.22
HI-GL-010-P06;4062300217652;6x HiPP Pure White Carrot;202411-92;15.73
HI-GL-009-P06;4062300129450;6x HiPP Organic Pumpkin with Potatoes;LOT-2024-2524;10.23
HI-GL-008-P06;4062300055490;6x HiPP Organic Parsnips with Potatoes;202412-32;10.56
HI-GL-007-P06;4062300025363;6x HiPP Organic Vegetable Rice with Chicken;CHG-D666;16.86
HI-GL-006-P06;4062300025165;6x HiPP Carrots with Potatoes & Organic Beef;202412-71;11.25
HI-GL-005-P06;4062300024861;6x HiPP Organic Ham Noodles with Tomatoes & Carrots;202405-40;9.03
HI-GL-004-P06;4062300021167;6x HiPP Carrots With Potatoes;LOT-2024-4155;10.83
HI-GL-003-P06;4062300020764;6x HiPP Pure Organic Carrots;B35105;8.05
HI-GL-002-P06;4062300020368;6x HiPP All kinds of Vegetables;202405-93;18.5
HI-GL-001-P06;4062300015937;6x HiPP Early Carrots with Potatoes & Wild Salmon;CHG-A952;7.43
HI-RE-006-P24;4062300438842;24x HiPP PRE Organic Combiotic Ready to Feed 90ml;B57301;7.01
HI-RE-005-P24;4062300436824;24x HiPP PRE HA-Combiotic Ready to Feed 90ml;LOT-2024-9751;5.53
HI-RE-004-P06;4062300339910;6x HiPP 2 Organic Combiotic Ready to Feed 200ml;LOT-2024-1893;17.48
PG-FO-007-P01;8719326481074;Pure Goat Stage 3 – Organic Follow-on Formula 400g;B93606;26.31
PG-FO-003-P01;8719326481074;Pure Goat Stage 3 – Organic Follow-on Formula 800g;202402-2;18.06
PG-FO-005-P01;8719327598214;Pure Goat Stage 2 - Organic Follow-on Formula 400g;202408-57;11.53
PG-FO-002-P01;8719326481081;Pure Goat Stage 2 - Organic Follow-on Formula 800g;LOT-2024-5136;28.34
PG-FO-001-P01;8719326481098;Pure Goat Stage 1 - Organic Complete Infant Formula 800g;202402-9;13.21
PG-FO-004-P01;8719326481012;Pure Goat Stage 1 - Organic Complete Infant Formula 400g;LOT-2024-1878;6.24
HO-SN-010-P01;7640161879096;Holle Organic Fruit & Vegetable Bar Carrot-Apple;CHG-A354;5.31
HO-SN-009-P01;7640161879058;Holle Organic Fruit Bar Pear-Apple;202410-77;24.13
HO-SN-008-P01;7640161879010;Holle Organic Fruit Bar Apple Banana;B78494;12.64
HO-SN-007-P01;7640104959519;Holle Organic Biscuit Spelt;202405-76;29.71
HO-SN-006-P01;7640230491518;Holle Organic Rusk Honey Minis;CHG-E735;3.68
HO-SN-005-P01;7640230490726;Holle Organic Snack Litte Farm Biscuits Spelt;LOT-2024-4404;19.5
HO-SN-004-P01;7640161879645;Holle Organic Crispy Sticks Spelt;CHG-F183;6.39
HO-SN-003-P01;7640161879980;Holle Organic Crunchy Snack Rice Lentils;B82350;4.09
HO-SN-002-P01;7640161879379;Holle Organic Crunchy Snack Millet;LOT-2024-7693;14.6
HO-SN-001-P01;7640161879355;Holle Organic Crunchy Snack Millet Mango;202405-5;8.47
HI-RE-003-P06;4062300392328;6x HiPP 1 Organic Combiotic Ready to Feed 200ml;CHG-F980;14.7
HO-TE-002-P01;7640161876965;Holle Organic Nursing Tea Herbal Blend (20 bags);B44675;24.05
HO-TE-001-P01;7640161876965;Holle Organic Baby Tea Herbal Blend (20 bags);B65723;5.2
HO-PO-018-P01;7640230493154;Holle Organic Goat milk porridge raspberry and banana;B94886;6.16
HO-PO-017-P01;7640230493130;Holle Organic Goat milk porridge blueberry & banana;CHG-B173;3.66
HO-GL-028-P06;7640230491532;6x Holle Birchermuesli with fruits;CHG-E866;25.07
HO-GL-027-P06;7640161876705;6x Holle Couscous;CHG-D227;15.11
HO-GL-026-P06;7640104957430;6x Holle Apple with Fruits of the Forest;CHG-F512;28.38
HO-GL-025-P06;7640104955610;6x Holle Spaghetti alla Bolognese;202408-11;18.74
HO-GL-024-P06;7640104955610;6x Holle Vegetable Risotto;202412-42;18.89
HO-GL-023-P06;7640230491006;6x Holle Veal;LOT-2024-2496;8.4
HO-GL-022-P06;7640104952695;6x Holle Chicken;LOT-2024-5415;18.12
HO-GL-021-P06;7640104954873;6x Holle Pumpkin with Chicken;B71669;16.52
HO-GL-020-P06;7640104957256;6x Holle Carrots, Potatoes & Beef;202405-24;29.9
HO-GL-019-P06;7640104956273;6x Holle Beef;202411-63;29.12
HO-GL-018-P06;7640104957331;6x Holle Pear with Spelt Flakes;202406-53;11.32
HO-GL-017-P06;7640104954453;6x Holle Apple & Banana with Apricot;LOT-2024-3634;11.22
HO-GL-016-P06;7640104957355;6x Holle Apple & Plum;202405-85;28.46
HO-GL-015-P06;7640104957355;6x Holle Apple & Bilberry;LOT-2024-8451;4.46
HO-GL-014-P06;7640104954798;6x Holle Apple & Pear;CHG-C218;29.16
HO-GL-013-P06;7640104956235;6x Holle 100 % Pear;202409-1;20.4
HO-GL-012-P06;7640104954958;6x Holle Apple & Peach;202407-7;7.24
HO-GL-011-P06;7640104956211;6x Holle 100 % Apple;CHG-E874;15.95
HO-GL-010-P06;7640161876828;6x Holle Veggie Curry;202401-27;9.47
HO-GL-009-P06;7640104954057;6x Holle Mixed Vegetables;B47752;14.26
HO-GL-008-P06;7640104954132;6x Holle Pumpkin, Zucchini & Potatoes;202402-4;29.24
HO-GL-007-P06;7640104957270;6x Holle Potatoes with Peas & Zucchini;B30758;10.69
HO-GL-006-P06;7640161875777;6x Holle Parsnip;LOT-2024-7684;4.6
HO-GL-005-P06;7640161875715;6x Holle Carrots;LOT-2024-8560;28.51
HO-GL-004-P06;7640104954934;6x Holle Pumpkin with Rice;B75323;28.1
HO-GL-003-P06;7640104954910;6x Holle Broccoli with Rice;CHG-E822;9.65
HO-GL-002-P06;7640104954378;6x Holle Carrots with Potatoes;202408-32;14.78
HO-GL-001-P06;7640104957478;6x Holle Spinach with Potatoes;B60277;7.33
HO-PA-023-P10;7640230490344;Holle Tasty Turtle - Organic Yogurt Pouch;B19150;9.72
HO-PA-022-P10;7640230490320;10x Holle Fruity Fox - Organic Yogurt Pouch;202406-65;9.47
HO-PA-021-P10;7640161879744;10x Holle Blueberry Bear - Organic Yogurt Pouch;LOT-2024-5634;22.32
HO-PA-020-P10;7640161879683;10x Holle Mango Monkey - Organic Yogurt Pouch;202403-58;17.07
HO-WA-001-P01;7640161878976;Holle Baby Water - Natural mineral water;CHG-C665;23.35
HI-DU-009-P01;4062300401419;HiPP Dutch Junior Combiotic Stage 4  - Toddler Formula;202408-42;26.34
HI-OX-003-P01;8713500012887;Organix Bio-Folgemilch 3;B84946;12.71
HI-OX-002-P01;8713500012870;Organix Bio-Folgemilch 2;202401-41;22.84
HI-OX-001-P01;8713500012863;Organix Bio-Anfangsmilch 1;202407-85;24.18
HI-DU-008-P01;4062300448254;HiPP Dutch 2 HA-Combiotic – Hypoallergenic Follow-On Formula;B74923;29.01
HI-DU-007-P01;4062300448209;HiPP Dutch 1 HA-Combiotic – Hypoallergenic Infant Formula;B75836;29.02
BM-FO-003-P01;3760030723597;Bébé M Vegane Bio-Folgemilch 3 - Anti Reflux auf Reisbasis;CHG-A995;25.65
BM-FO-002-P01;3760030723580;Bébé M Vegane Bio-Folgemilch 2 - Anti Reflux auf Reisbasis;LOT-2024-9617;27.48
BM-FO-001-P01;3760030723573;Bébé M Vegane Bio-Anfangsnahrung 1 - Anti Reflux auf Reisbasis;LOT-2024-3361;13.47
HI-CE-007-P01;4062300336339;HiPP Organic Muesli – Breakfast rings;B19807;15.14
HI-CE-006-P01;4062300367890;HiPP Organic Porridge - Oat Strawberry-Raspberry;CHG-C738;21.39
HI-CE-005-P01;4062300256385;HiPP Organic Muesli – Crunchy Muesli;LOT-2024-6383;25.86
HI-CE-004-P01;4062300294585;HiPP Organic Muesli - 7 grain muesli;202406-81;22.11
HI-CE-003-P01;4062300378391;HiPP Organic Muesli - Berries Muesli;202409-5;19.28
HI-CE-002-P01;4062300294523;HiPP Organic Muesli - Fruits muesli;B92727;21.15
HI-CE-001-P01;4062300433939;HiPP Organic Muesli - Baby Bircher Muesli;CHG-B864;4.52
HI-PO-010-P01;4062300392427;HiPP organic milk porridge - Fruit yogurt;LOT-2024-2646;14.41
HI-PO-009-P01;4062300392274;HiPP Organic Milk Porridge - Children's Semolina;CHG-A147;11.07
HI-PO-008-P01;4062300392397;HiPP Organic Milk Porridge - Good Night - Oat Apple;LOT-2024-5806;12.03
HI-PO-007-P01;4062300392366;HiPP Organic Milk Porridge - Good Night - Baby Biscuit;202403-32;16.86
HI-PO-006-P01;4062300392335;HiPP Organic Milk Porridge - Good Night - Banana Semolina;B32280;6.89
HI-PO-005-P01;4062300392243;HiPP Organic Milk Porridge - Good Night - Banana Rusk;202410-88;8.73
HI-PO-004-P01;4062300344877;HiPP Organic Grain Porridge – 5-grain;B40433;14.9
HI-PO-003-P01;4062300343108;HiPP Organic Grain Porridge – 100% Rice;CHG-D361;20.66
HI-PO-002-P01;4062300343061;HiPP Organic Grain Porridge - 100% Oats;202405-87;17.29
HI-PO-001-P01;4062300343030;HiPP Organic Grain Porridge - Fine Millet with Rice and Corn;LOT-2024-8237;28.46
KE-FO-009-P01;5056000505323;Kendamil Classic Stage 3 – Premium Toddler Milk Formula;CHG-F534;21.32
KE-FO-008-P01;5056000505316;Kendamil Classic Stage 2 – Premium Follow On Milk Formula;202405-26;29.97
KE-FO-007-P01;5056000505309;Kendamil Classic Stage 1 – Premium First Infant Milk Formula;202402-31;12.67
KE-FO-006-P01;5056000503862;Kendamil UK Goat Stage 3 – Toddler Milk Formula;CHG-E402;29.79
KE-FO-005-P01;5056000503985;Kendamil UK Goat Stage 2 – Follow-on Milk Formula;CHG-A949;20.42
KE-FO-004-P01;5056000503855;Kendamil UK Goat Stage 1 – First Infant Milk Formula;CHG-A679;26.21
KE-FO-003-P01;5056000505385;Kendamil Cow Organic Stage 3 – Toddler Milk Formula;LOT-2024-9138;25.31
KE-FO-002-P01;5056000505378;Kendamil Cow Organic Stage 2 – Follow-on Milk Formula;CHG-B721;24.44
KE-FO-001-P01;5056000503152;Kendamil Cow Organic Stage 1 – First Infant Milk Formula;B93442;7.31
HI-DU-006-P01;4062300401235;HiPP Dutch Goat Milk Stage 3 – Organic Toddler Formula;CHG-F873;22.18
HI-DU-005-P01;4062300425958;HiPP Dutch Goat Milk Stage 2 – Organic Follow-On Formula;B92345;4.71
HI-DU-004-P01;4062300425927;HiPP Dutch Goat Milk Stage 1 – Organic Infant Formula;LOT-2024-6061;24.07
HI-RE-002-P06;4062300346284;6x HiPP PRE Organic Combiotic Ready to Feed 200ml;LOT-2024-6977;22.5
HI-RE-001-P06;4062300329225;6x HiPP PRE HA-Combiotic Ready to Feed 200 ml;LOT-2024-5835;11.14
HI-FO-010-P01;4062300158429;HiPP 2+ Years Combiotic Kindermilch – Toddler Formula;202403-26;5.69
HI-FO-009-P01;4062300155268;HiPP 1+ Years Combiotic Kindermilch – Toddler Formula;CHG-E613;27.57
HO-PA-011-P12;7640161877313;12x Holle Organic fruit puree Pear Pony;B43681;27.58
HO-PA-005-P12;7640230493666;12x Holle Organic fruit puree Dino Dance;202405-96;26.36
HO-PA-004-P12;7640161877290;12x Holle Organic fruit puree Blue Bird;LOT-2024-8673;28.95
HO-PA-001-P12;7640161876989;12x Holle Organic fruit puree Zebra Beet;B39571;26.07
HO-PA-003-P12;7640161877238;12x Holle Organic fruit puree Apple Ant;202409-47;4.52
HO-DU-003-P01;7640161877719;Holle Dutch Goat Milk Stage 3  – Follow On Formula;202401-34;17.01
HO-DU-002-P01;7640161877696;Holle Dutch Goat Milk Stage 2  – Follow On Formula;202406-87;22.96
HO-DU-001-P01;7640161877672;Holle Dutch Goat Milk Stage 1  – Infant Formula;CHG-E490;25.02
HI-DU-003-P01;4062300401259;HiPP Dutch Organic Combiotic Stage 3 – Toddler Formula;CHG-A791;8.54
HI-DU-002-P01;4062300401242;HiPP Dutch Organic Combiotic Stage 2 – Follow-On Formula;LOT-2024-6374;27.62
HI-DU-001-P01;4062300401235;HiPP Dutch Organic Combiotic Stage 1 – Infant Formula;B94889;3.76
HO-PA-012-P12;7640161877399;12x Holle Organic fruit puree Tropic Tiger;202412-39;20.17
HO-PA-015-P12;7640161877061;12x Holle Organic vegetable puree Veggie Bunny;LOT-2024-3290;3.26
HO-PA-016-P12;7640161877337;12x Holle Organic vegetable puree Carrot Cat;LOT-2024-5986;29.88
HO-PA-010-P12;7640161877276;12x Holle Organic fruit puree Kiwi Koala;LOT-2024-2592;8.56
HO-PA-009-P12;7640161877009;12x Holle Organic fruit puree Berry Puppy;B60940;14.69
HO-PA-017-P12;7640161877351;12x Holle Organic vegetable puree Power Parrot;202410-96;22.33
HO-PA-006-P12;7640161877009;12x Holle Organic fruit puree Red Bee;202411-13;25.33
HO-PA-018-P12;7640161877085;12x Holle Organic fruit puree Panda Peach;202405-5;21.32
HO-PA-007-P12;7640161877023;12x Holle Organic fruit puree Croco Coco;B68115;14.44
HO-PA-014-P12;7640161877047;12x Holle Organic vegetable puree Fennel Frog;B57537;4.77
HO-PA-002-P12;7640161877214;12x Holle Organic fruit puree Banana Lama;CHG-E760;12.03
HI-FO-003-P01;4062300331273;HiPP 2 HA-Combiotic – Hypoallergenic Follow-on Formula;202405-25;29.1
HI-FO-002-P01;4062300331242;HiPP 1 HA-Combiotic – Hypoallergenic Infant Formula;202402-85;7.93
HI-FO-001-P01;4062300331211;HiPP PRE HA-Combiotic – Hypoallergenic Infant Formula;LOT-2024-1828;24.02
HI-FO-008-P01;4062300155220;HiPP 3 Organic Combiotic – Follow-on Formula;B26505;24.03
HI-FO-007-P01;4062300200579;HiPP 2 Organic Combiotic - no Starch - Follow-on Formula;B18992;25.22
HI-FO-006-P01;4062300155169;HiPP 2 Organic Combiotic – Follow-on Formula;B86858;8.04
HI-FO-005-P01;4062300155091;HiPP 1 Organic Combiotic – Infant Formula;B53064;23.67
HI-FO-004-P01;4062300232266;HiPP PRE Organic Combiotic - Infant Formula;LOT-2024-5542;26.03
HI-FO-011-P01;4062300344099;HiPP German Anti-Reflux - Special Formula;B27038;17.12
HI-FO-012-P01;4062300261471;HiPP German Comfort - Colic Support Formula;B24408;20.5
HI-FO-015-P01;4062300417335;HiPP German Goat Milk Stage 3 – Organic Toddler Growing-Up Formula;LOT-2024-3159;2.41
HI-FO-014-P01;4062300417328;HiPP German Goat Milk Stage 2 – Organic Follow-On Formula;B87182;11.06
HI-FO-013-P01;4062300417311;HiPP German Goat Milk Stage PRE – Organic Infant Formula;B44782;3.46
LE-FO-003-P01;7640161878433;Lebenswert Stage 3 – Organic Follow-On Formula;202409-15;22.87
LE-FO-002-P01;7640161878419;Lebenswert Stage 2 – Organic Follow-On Formula;202408-47;16.36
LE-FO-001-P01;7640161878396;Lebenswert Stage 1 – Organic Infant Formula;LOT-2024-8405;16.1
HO-CE-002-P01;7640161872301;Holle Organic Multigrain Junior Muesli with Fruit;LOT-2024-9543;10.44
HO-CE-001-P01;7640161872219;Holle Organic Multigrain Junior Muesli with Cornflakes;LOT-2024-1996;29.95
HO-PO-011-P01;7640104951261;Holle Organic Wholegrain Baby Muesli Porridge;202407-88;5.01
HO-PO-016-P01;7640104951254;Holle Organic 3-Grain Wholegrain Porridge;202402-11;11.01
HO-PO-015-P01;7640161872400;Holle Bio-Getreidebrei Mais Tapioka;B18609;5.52
HO-PO-014-P01;7640104951230;Holle Organic Rice Wholegrain Porridge;CHG-D711;16.85
HO-PO-013-P01;7640161871434;Holle Bio-Vollkorngetreidebrei Banane Griess;202409-78;14.04
HO-PO-009-P01;7640161872448;Holle Organic Millet Wholegrain Porridge;LOT-2024-4522;14.03
HO-PO-007-P01;7640104951292;Holle Organic Oat Wholegrain Porridge;B64239;11.48
HO-PO-006-P01;7640104951308;Holle Organic Semolina Wholegrain Porridge;202407-54;22.42
HO-PO-005-P01;7640104951247;Holle Organic Spelt Wholegrain Porridge;CHG-D420;20.61
HO-PO-003-P01;7640104950370;Holle Organic Milk Cereal with Banana;CHG-B803;27.83
HO-PO-002-P01;7640104950158;Holle Organic Milk Cereal with Millet;LOT-2024-2494;25.28
HO-PO-001-P01;7640104950134;Holle Organic Milk Cereal with Spelt;LOT-2024-8075;4.69
HO-A2-003-P01;7640230490405;Holle A2 Stage 3 – Organic Follow-On Formula;CHG-B669;3.67
HO-A2-002-P01;7640230490382;Holle A2 Stage 2 – Organic Follow-On Formula;CHG-F225;13.49
HO-A2-001-P01;7640230490368;Holle A2 Stage 1 – Organic Infant Formula;202412-7;29.11
HO-FO-010-P01;7640230490221;Holle Goat Milk Stage 4 – Organic Follow-On Formula;CHG-C206;18.17
HO-FO-008-P01;7640161878297;Holle Goat Milk Stage 3 – Organic Follow-On Formula;B30280;20.38
HO-FO-007-P01;7640161878174;Holle Goat Milk Stage 2 – Organic Follow On Formula;B24184;11.79
HO-FO-006-P01;7640161878051;Holle Goat Milk Stage 1 - Organic Infant Formula;CHG-A880;9.79
HO-FO-009-P01;7640230490184;Holle Goat Milk Stage Pre - Organic Infant Formula;B66244;25.65
HO-FO-005-P01;7640230491228;Holle Stage 4 - Organic Follow-On Formula;LOT-2024-5381;2.8
HO-FO-004-P01;7640230490016;Holle Stage 3 - Organic Follow-On Formula;CHG-F880;10.64
HO-FO-003-P01;7640230491143;Holle Stage 2 – Organic Follow-On Formula;CHG-C106;7.07
HO-FO-002-P01;7640230491068;Holle Stage 1 – Organic Infant Formula;B84228;20.4
HO-FO-001-P01;7640161879829;Holle PRE – Organic Infant Formula;LOT-2024-3324;22.74
